Date,Content
2025-02-13,https://boxd.it/9Dwhd
2025-02-13,https://boxd.it/9IlY1
2025-02-13,https://boxd.it/HeSxX
2025-02-16,https://boxd.it/1SF9JP
2025-04-11,https://boxd.it/8UysHX
2025-04-25,https://boxd.it/9bXekj
2025-05-25,https://boxd.it/9vvTSb
2025-05-31,https://boxd.it/9uiem9
2025-05-31,https://boxd.it/9rO6Er
2025-06-30,https://boxd.it/1yZiVv
2025-06-30,https://boxd.it/IrYhr
2025-06-30,https://boxd.it/1pE15p
2025-07-05,https://boxd.it/9UEu4X
2025-07-05,https://boxd.it/9TSXsD
2025-07-05,https://boxd.it/9XFYNn
2025-07-05,https://boxd.it/9KnO8h
2025-07-05,https://boxd.it/9KmkM5
2025-07-19,https://boxd.it/4vK0bB
2025-07-23,https://boxd.it/9cLSPB
2025-07-28,https://boxd.it/arye6D
2025-07-28,https://boxd.it/agdCh5
2025-07-28,https://boxd.it/agleDH
2025-07-28,https://boxd.it/aqEP7r
2025-07-28,https://boxd.it/ai11Ov
2025-07-28,https://boxd.it/a24sDV
2025-07-30,https://boxd.it/a2tu4t
2025-07-30,https://boxd.it/a3JMyx
2025-08-06,https://boxd.it/a6rhTF
2025-08-19,https://boxd.it/9M33bL
2025-08-19,https://boxd.it/9HcXV9
2025-08-19,https://boxd.it/9GqEQX
2025-08-19,https://boxd.it/9MUjvX
2025-08-19,https://boxd.it/aCCgWt
2025-08-27,https://boxd.it/9fGEur
2025-08-27,https://boxd.it/axNN0f
2025-08-29,https://boxd.it/8CYBXv
2025-08-31,https://boxd.it/9NDW9V
2025-09-03,https://boxd.it/aJVXED
2025-09-10,https://boxd.it/aEiRZ3
2025-09-10,https://boxd.it/aEM6Tn
2025-09-10,https://boxd.it/aEcEQF
2025-09-10,https://boxd.it/aF2WmR
2025-09-10,https://boxd.it/aCXny1
2025-09-10,https://boxd.it/aBXtyx
2025-09-10,https://boxd.it/aCDIg3
2025-09-10,https://boxd.it/aCIZOV
2025-09-10,https://boxd.it/aFDorR
2025-09-10,https://boxd.it/aEjwab
2025-09-10,https://boxd.it/aUMDuz
2025-09-10,https://boxd.it/aEbyUT
2025-09-10,https://boxd.it/aE8AdL
2025-09-20,https://boxd.it/aI4gkF
2025-09-23,https://boxd.it/auPM9H
2025-09-23,https://boxd.it/asZHIz
2025-09-23,https://boxd.it/asR9Wr
2025-09-29,https://boxd.it/aPw09v
2025-09-29,https://boxd.it/b2PvmP
2025-09-29,https://boxd.it/aWYXQx
2025-09-29,https://boxd.it/aV03KT
2025-09-29,https://boxd.it/aZyI6T
2025-09-30,https://boxd.it/bb8azj
2025-09-30,https://boxd.it/bbXlSt
2025-09-30,https://boxd.it/bbxmon
2025-09-30,https://boxd.it/bbX7P1
2025-10-01,https://boxd.it/aTHntB
2025-10-01,https://boxd.it/aQeIgX
2025-10-02,https://boxd.it/bdWvkR
2025-10-02,https://boxd.it/bes1zB
2025-10-02,https://boxd.it/bdYf7r
2025-10-04,https://boxd.it/b9Hu9d
2025-10-04,https://boxd.it/bdUtrn
2025-10-04,https://boxd.it/aZaSjP
2025-10-08,https://boxd.it/aXpReB
2025-10-08,https://boxd.it/aXUoPv
2025-10-08,https://boxd.it/aYZXpV
2025-10-09,https://boxd.it/19cqgH
2025-10-09,https://boxd.it/5Wn7kF
2025-10-10,https://boxd.it/Y763f
2025-10-10,https://boxd.it/50JEpZ
2025-10-14,https://boxd.it/b5mJJ3
2025-10-15,https://boxd.it/9qgoax
2025-10-15,https://boxd.it/8CcFOh
2025-10-15,https://boxd.it/92Jwk3
2025-10-15,https://boxd.it/9f2KiL
2025-10-15,https://boxd.it/9fPrh3
2025-10-15,https://boxd.it/aIxxk1
2025-10-15,https://boxd.it/8G293z
2025-10-15,https://boxd.it/aq8bEB
2025-10-16,https://boxd.it/bjYMCh
2025-10-16,https://boxd.it/bjYHIf
2025-10-16,https://boxd.it/bmXLmd
2025-10-17,https://boxd.it/bk1Lp3
2025-10-20,https://boxd.it/bobaBx
2025-10-21,https://boxd.it/g6Hd
2025-10-21,https://boxd.it/z58yF
2025-10-21,https://boxd.it/Agoyn
2025-10-22,https://boxd.it/b2OOoD
2025-10-22,https://boxd.it/b24RhD
2025-10-22,https://boxd.it/b2jyaD
2025-10-24,https://boxd.it/VC4Sl
2025-10-24,https://boxd.it/1dNZyV
2025-10-24,https://boxd.it/5TuAC1
2025-10-26,https://boxd.it/btvpuL
2025-11-02,https://boxd.it/aW5Es7
2025-11-02,https://boxd.it/b2BdFh
2025-11-02,https://boxd.it/aSZpIb
2025-11-05,https://boxd.it/aTDlX7
2025-11-12,https://boxd.it/43xRkj
2025-11-12,https://boxd.it/3XXcI3
2025-11-12,https://boxd.it/43l61Z
2025-11-12,https://boxd.it/44EKjL
2025-11-12,https://boxd.it/5rC20V
2025-11-16,https://boxd.it/baA20n
2025-11-16,https://boxd.it/baK2dh
2025-11-16,https://boxd.it/beixJD
2025-11-24,https://boxd.it/bcHWul
2025-11-25,https://boxd.it/1fuin1
2025-11-25,https://boxd.it/6NOaLF
2025-11-25,https://boxd.it/1MyIt5
2025-11-26,https://boxd.it/bzlL1l
2025-11-26,https://boxd.it/byZK79
2025-11-28,https://boxd.it/brYl1l
2025-12-03,https://boxd.it/bidRzp
2025-12-03,https://boxd.it/biep1V
2025-12-03,https://boxd.it/bjYJqH
2025-12-03,https://boxd.it/bhMZTt
2025-12-03,https://boxd.it/bUm5YB
2025-12-03,https://boxd.it/bhPGpb
2025-12-03,https://boxd.it/bi7N4P
2025-12-03,https://boxd.it/blyTEb
2025-12-03,https://boxd.it/bjyG2l
2025-12-08,https://boxd.it/125T9N
2025-12-08,https://boxd.it/7ml6J3
2025-12-08,https://boxd.it/1JAin3
2025-12-13,https://boxd.it/bVeQWb
2025-12-14,https://boxd.it/bGikl1
2025-12-14,https://boxd.it/bHPtLR
2025-12-14,https://boxd.it/bIfvhV
2025-12-14,https://boxd.it/bG0kCb
2025-12-15,https://boxd.it/980w4j
2025-12-15,https://boxd.it/bEOpvL
2025-12-15,https://boxd.it/bvCSXT
2025-12-15,https://boxd.it/bh7Gzx
2025-12-15,https://boxd.it/bBjVdP
2025-12-15,https://boxd.it/bC8Nhr
2025-12-15,https://boxd.it/bCMEZz
2025-12-15,https://boxd.it/bEO42j
2025-12-15,https://boxd.it/bCGg4R
2025-12-15,https://boxd.it/bAUwcn
2025-12-15,https://boxd.it/bZnAcb
2025-12-15,https://boxd.it/bBjhEB
2025-12-17,https://boxd.it/8HyC2t
2025-12-17,https://boxd.it/b2KwBL
2025-12-17,https://boxd.it/aYJlvT
2025-12-17,https://boxd.it/bhSefj
2025-12-20,https://boxd.it/7EqX95
2025-12-20,https://boxd.it/6wkrLf
2025-12-21,https://boxd.it/bFSDoL
2025-12-21,https://boxd.it/bQkIHz
2025-12-24,https://boxd.it/bVVIHj
2025-12-27,https://boxd.it/b0BzjT
2025-12-27,https://boxd.it/bSKDHf
2025-12-27,https://boxd.it/bSwcOF
2026-01-07,https://boxd.it/bCD8vf
2026-01-07,https://boxd.it/bCCdj7
2026-01-07,https://boxd.it/bCNi6p
2026-01-07,https://boxd.it/bBSnLN
2026-01-07,https://boxd.it/bB6aI1
2026-01-07,https://boxd.it/bDBuMR
2026-01-07,https://boxd.it/bCU7zf
2026-01-14,https://boxd.it/b0tF8V
2026-01-14,https://boxd.it/b0wzTn
2026-01-14,https://boxd.it/ccTOPn
2026-01-14,https://boxd.it/bCJrhD
2026-01-14,https://boxd.it/b0OFh1
2026-01-14,https://boxd.it/bw7kIH
2026-01-14,https://boxd.it/bJR7aV
2026-01-14,https://boxd.it/bE3a7P
2026-01-14,https://boxd.it/bOfI53
2026-01-14,https://boxd.it/bHRsUn
2026-01-14,https://boxd.it/bZUinV
2026-01-14,https://boxd.it/brYnFR
2026-01-15,https://boxd.it/bek8OH
2026-01-16,https://boxd.it/cvV3u3
2026-01-16,https://boxd.it/cxXIcV
2026-01-16,https://boxd.it/cxkntj
2026-01-16,https://boxd.it/cxmu7N
2026-01-16,https://boxd.it/cxmZid
2026-01-16,https://boxd.it/cCQMHf
2026-01-16,https://boxd.it/cydb5z
2026-01-25,https://boxd.it/brsn5P
2026-01-25,https://boxd.it/bMlPgh
2026-01-25,https://boxd.it/bMBAqX
2026-01-25,https://boxd.it/b33XMf
2026-01-25,https://boxd.it/bQqj37
2026-01-25,https://boxd.it/Hyk0F
2026-01-26,https://boxd.it/GF26Z
2026-01-26,https://boxd.it/1zziS9
2026-01-26,https://boxd.it/1hB2y5
2026-01-26,https://boxd.it/rylXJ
2026-01-26,https://boxd.it/46UbSV
2026-01-26,https://boxd.it/2NiTT
2026-01-27,https://boxd.it/Hi2Zt
2026-01-27,https://boxd.it/1htG5B
2026-01-27,https://boxd.it/xx9NT
2026-01-28,https://boxd.it/bNObGL
2026-01-28,https://boxd.it/bQ9f89
2026-01-28,https://boxd.it/bQdqFh
2026-01-28,https://boxd.it/bTXU7X
2026-01-28,https://boxd.it/bPot2Z
2026-01-28,https://boxd.it/bWUBy7
2026-01-28,https://boxd.it/bSrizV
2026-01-28,https://boxd.it/bITWvZ
2026-01-28,https://boxd.it/bQkx8j
2026-01-28,https://boxd.it/bUu0dV
2026-01-28,https://boxd.it/c3qIhZ
2026-01-28,https://boxd.it/bYHtIv
2026-01-28,https://boxd.it/cLJ0VP
2026-01-28,https://boxd.it/bPSEpv
2026-01-31,https://boxd.it/3zpt5
2026-01-31,https://boxd.it/31rh1n
2026-01-31,https://boxd.it/4AjEx
2026-01-31,https://boxd.it/3KOsX
2026-01-31,https://boxd.it/4Smi1
2026-01-31,https://boxd.it/4eqDqx
2026-01-31,https://boxd.it/4cotZZ
2026-01-31,https://boxd.it/5jQfDH
2026-01-31,https://boxd.it/yUnS9
2026-01-31,https://boxd.it/3zoUz
2026-02-01,https://boxd.it/reRVP
2026-02-01,https://boxd.it/4carfH
2026-02-01,https://boxd.it/BRVT7
2026-02-06,https://boxd.it/c2C1uV
2026-02-06,https://boxd.it/c6GwA5
2026-02-06,https://boxd.it/c84YV3
2026-02-06,https://boxd.it/cfHOGj
2026-02-08,https://boxd.it/c7016t
2026-02-08,https://boxd.it/c7Bslp
2026-02-14,https://boxd.it/cHdlFN
2026-02-14,https://boxd.it/caf3oL
2026-02-14,https://boxd.it/ceT49N
2026-02-14,https://boxd.it/c8R5s9
2026-02-14,https://boxd.it/biqi27
2026-02-15,https://boxd.it/ctInfj
2026-02-15,https://boxd.it/cyy6lp
2026-02-18,https://boxd.it/cLEJwv
2026-02-18,https://boxd.it/cNjuAj
2026-02-21,https://boxd.it/byhpMd
2026-02-21,https://boxd.it/bBjUQV
2026-02-21,https://boxd.it/bvMrO1
2026-02-21,https://boxd.it/bNu4KL
2026-02-21,https://boxd.it/bQM8Kt
2026-02-21,https://boxd.it/blNBUv
2026-02-21,https://boxd.it/bPe7vZ
2026-02-21,https://boxd.it/bPZid7
2026-02-23,https://boxd.it/zmXrJ
2026-02-23,https://boxd.it/H7o2h
2026-02-23,https://boxd.it/OGJln
2026-02-23,https://boxd.it/bGRart
2026-02-23,https://boxd.it/7FUV05
2026-02-23,https://boxd.it/2YCiP
2026-02-23,https://boxd.it/63CyZ
2026-02-23,https://boxd.it/1zKeHj
2026-02-23,https://boxd.it/xd2Y1
2026-03-07,https://boxd.it/d1V7ij
2026-03-07,https://boxd.it/d9siLb
2026-03-08,https://boxd.it/djcGAp
2026-03-08,https://boxd.it/dozfVV
2026-03-11,https://boxd.it/d9BrRF
2026-03-11,https://boxd.it/d6AprL
2026-03-11,https://boxd.it/cEntph
2026-03-11,https://boxd.it/daKSPj
2026-03-11,https://boxd.it/baBkPZ
2026-03-13,https://boxd.it/dpNjpL
2026-03-13,https://boxd.it/dpD7Tf
2026-03-13,https://boxd.it/dpPzlJ
2026-03-13,https://boxd.it/drfsQL
2026-03-13,https://boxd.it/dqIJ6p
2026-03-19,https://boxd.it/bK29ch
2026-03-19,https://boxd.it/bBcJv9
2026-03-19,https://boxd.it/bO8XCn
2026-03-19,https://boxd.it/bVUYKB
2026-03-19,https://boxd.it/cJsssz
2026-03-19,https://boxd.it/cfEmLp
2026-03-19,https://boxd.it/cJvAmZ
2026-03-19,https://boxd.it/b6EXFT
2026-03-19,https://boxd.it/cJwA57
2026-03-19,https://boxd.it/dvPOrL
2026-03-21,https://boxd.it/cgC5gJ
2026-03-21,https://boxd.it/aWyxeZ
2026-03-22,https://boxd.it/c1zdXv
2026-03-22,https://boxd.it/bZZ5tL
2026-03-25,https://boxd.it/cQj0cN
2026-03-25,https://boxd.it/cVmSsV
2026-03-25,https://boxd.it/cOzRFn
2026-03-25,https://boxd.it/cSMwoR
2026-03-25,https://boxd.it/d17zeJ
2026-03-25,https://boxd.it/cT9p2b
2026-03-25,https://boxd.it/dkuFRT
2026-04-01,https://boxd.it/dEQXax
2026-04-02,https://boxd.it/djjNyz
2026-04-05,https://boxd.it/ddGXaf
2026-04-13,https://boxd.it/dVjZEV
2026-04-14,https://boxd.it/cYTwZ7
2026-04-14,https://boxd.it/f7i95
2026-04-14,https://boxd.it/4Ok7OT
2026-04-14,https://boxd.it/c6RTmx
2026-04-14,https://boxd.it/USXhR
2026-04-14,https://boxd.it/1klg4X
2026-04-14,https://boxd.it/3H82X7
2026-04-14,https://boxd.it/R3CPf
2026-04-14,https://boxd.it/1OHTRX
2026-04-14,https://boxd.it/5LV96J
2026-04-14,https://boxd.it/dWq5gL
2026-04-14,https://boxd.it/1DMWWR
2026-04-14,https://boxd.it/4S0rzl
2026-04-18,https://boxd.it/doJ8bh
2026-04-18,https://boxd.it/dvbBGX
2026-04-18,https://boxd.it/dsUUth
2026-04-18,https://boxd.it/duXuzd
2026-04-18,https://boxd.it/duKsgd
2026-04-20,https://boxd.it/4b8LtL
2026-04-20,https://boxd.it/4d8EJP
2026-04-20,https://boxd.it/4b1Ksj
2026-04-20,https://boxd.it/4dwSjp
2026-04-20,https://boxd.it/4eoq2X
2026-04-30,https://boxd.it/dEKby5
2026-04-30,https://boxd.it/dzIas7
2026-05-04,https://boxd.it/dpbXLB
2026-05-04,https://boxd.it/dknAEV
2026-05-04,https://boxd.it/dqHsB9
2026-05-04,https://boxd.it/dkYaUx
2026-05-04,https://boxd.it/dpjTpH
2026-05-04,https://boxd.it/dplKYR
2026-05-07,https://boxd.it/dRiqPL
2026-05-07,https://boxd.it/dLQ2sR
2026-05-07,https://boxd.it/dLxEcf
2026-05-07,https://boxd.it/dLsWHF
2026-05-07,https://boxd.it/dMeDPB
2026-05-07,https://boxd.it/dLaByr
2026-05-07,https://boxd.it/dSL3Xz
2026-05-07,https://boxd.it/dLnN0n
2026-05-07,https://boxd.it/dOpU7B
2026-05-08,https://boxd.it/dJCBvF
2026-05-09,https://boxd.it/dGtHNF
2026-05-09,https://boxd.it/e9PnRn
2026-05-09,https://boxd.it/egdN73
2026-05-09,https://boxd.it/dJJo8H
2026-05-10,https://boxd.it/ehBpPH
2026-05-10,https://boxd.it/1O5OB5
2026-05-10,https://boxd.it/cLfXtF
2026-05-10,https://boxd.it/2w0ui9
2026-05-10,https://boxd.it/K6xOJ
2026-05-11,https://boxd.it/ecBvKD
2026-05-11,https://boxd.it/dEYsqF
2026-05-11,https://boxd.it/dt7v01
2026-05-11,https://boxd.it/dANbWr
2026-05-11,https://boxd.it/dGhRBv
2026-05-11,https://boxd.it/dV2KMV
2026-05-11,https://boxd.it/dCSait
2026-05-11,https://boxd.it/edAiY5
2026-05-11,https://boxd.it/dCH6DF
2026-05-11,https://boxd.it/dBRbXB
2026-05-16,https://boxd.it/11MCnb
2026-05-16,https://boxd.it/1LCzTn
2026-05-16,https://boxd.it/gXXMZ
2026-05-16,https://boxd.it/A4iBh
2026-05-16,https://boxd.it/Fq0jt
2026-05-16,https://boxd.it/6DXF6V
2026-05-16,https://boxd.it/dV2Bsn
2026-05-18,https://boxd.it/9yiBoN
2026-05-18,https://boxd.it/9uOOUZ
2026-05-18,https://boxd.it/9z35bh
2026-05-18,https://boxd.it/9v2JBV
2026-05-18,https://boxd.it/9AGuuZ
2026-05-18,https://boxd.it/9AwCeF
2026-05-18,https://boxd.it/9ytEDt
2026-05-18,https://boxd.it/9zHznH
2026-05-18,https://boxd.it/9uJHkl
2026-05-18,https://boxd.it/9zxLjx
2026-05-18,https://boxd.it/9zHffD
2026-05-18,https://boxd.it/9uKw2x
2026-05-18,https://boxd.it/9AmCEN
2026-05-18,https://boxd.it/9zEVkJ
2026-05-18,https://boxd.it/9Al7df
2026-05-20,https://boxd.it/ok5PT
2026-05-28,https://boxd.it/e2K8aZ
2026-05-29,https://boxd.it/exVI9p
2026-05-30,https://boxd.it/dq1jbx
2026-05-30,https://boxd.it/b0QMBB
2026-06-01,https://boxd.it/e5QKkd
2026-06-01,https://boxd.it/ezvOmv
2026-06-04,https://boxd.it/e8jVGb
2026-06-08,https://boxd.it/dX9bcF
2026-06-08,https://boxd.it/dZg3uD
2026-06-10,https://boxd.it/eeTSKF
2026-06-10,https://boxd.it/egAZK3
2026-06-10,https://boxd.it/efWHYV
2026-06-10,https://boxd.it/eh68KX
2026-06-10,https://boxd.it/ehKrKd
2026-06-10,https://boxd.it/eh4WWl
2026-06-10,https://boxd.it/eg5nhF
2026-06-10,https://boxd.it/ebbqwZ
